Account0,Description0,GBP,0
Account1,Description1,GBP,1
Account2,Description2,GBP,2
Account3,Description3,GBP,3
Account4,Description4,GBP,4
Account5,Description5,GBP,5
Account6,Description6,GBP,6
Account7,Description7,GBP,7
Account8,Description8,GBP,8
Account9,Description9,GBP,9
Account10,Description10,GBP,10
Account11,Description11,GBP,11
Account12,Description12,GBP,12
Account13,Description13,GBP,13
Account14,Description14,GBP,14
Account15,Description15,GBP,15
Account16,Description16,GBP,16
Account17,Description17,GBP,17
Account18,Description18,GBP,18
Account19,Description19,GBP,19
Account20,Description20,GBP,20
Account21,Description21,GBP,21
Account22,Description22,GBP,22
Account23,Description23,GBP,23
Account24,Description24,GBP,24
Account25,Description25,GBP,25
Account26,Description26,GBP,26
Account27,Description27,GBP,27
Account28,Description28,GBP,28
Account29,Description29,GBP,29
Account30,Description30,GBP,30
Account31,Description31,GBP,31
Account32,Description32,GBP,32
Account33,Description33,GBP,33
Account34,Description34,GBP,34
Account35,Description35,GBP,35
Account36,Description36,GBP,36
Account37,Description37,GBP,37
Account38,Description38,GBP,38
Account39,Description39,GBP,39
Account40,Description40,GBP,40
Account41,Description41,GBP,41
Account42,Description42,GBP,42
Account43,Description43,GBP,43
Account44,Description44,GBP,44
Account45,Description45,GBP,45
Account46,Description46,GBP,46
Account47,Description47,GBP,47
Account48,Description48,GBP,48
Account49,Description49,GBP,49
Account50,Description50,GBP,50
Account51,Description51,GBP,51
Account52,Description52,GBP,52
Account53,Description53,GBP,53
Account54,Description54,GBP,54
Account55,Description55,GBP,55
Account56,Description56,GBP,56
Account57,Description57,GBP,57
Account58,Description58,GBP,58
Account59,Description59,GBP,59
Account60,Description60,GBP,60
Account61,Description61,GBP,61
Account62,Description62,GBP,62
Account63,Description63,GBP,63
Account64,Description64,GBP,64
Account65,Description65,GBP,65
Account66,Description66,GBP,66
Account67,Description67,GBP,67
Account68,Description68,GBP,68
Account69,Description69,GBP,69
Account70,Description70,GBP,70
Account71,Description71,GBP,71
Account72,Description72,GBP,72
Account73,Description73,GBP,73
Account74,Description74,GBP,74
Account75,Description75,GBP,75
Account76,Description76,GBP,76
Account77,Description77,GBP,77
Account78,Description78,GBP,78
Account79,Description79,GBP,79
Account80,Description80,GBP,80
Account81,Description81,GBP,81
Account82,Description82,GBP,82
Account83,Description83,GBP,83
Account84,Description84,GBP,84
Account85,Description85,GBP,85
Account86,Description86,GBP,86
Account87,Description87,GBP,87
Account88,Description88,GBP,88
Account89,Description89,GBP,89
Account90,Description90,GBP,90
Account91,Description91,GBP,91
Account92,Description92,GBP,92
Account93,Description93,GBP,93
Account94,Description94,GBP,94
Account95,Description95,GBP,95
Account96,Description96,GBP,96
Account97,Description97,GBP,97
Account98,Description98,GBP,98
Account99,Description99,GBP,99
Account100,Description100,GBP,100
Account101,Description101,GBP,101
Account102,Description102,GBP,102
Account103,Description103,GBP,103
Account104,Description104,GBP,104
Account105,Description105,GBP,105
Account106,Description106,GBP,106
Account107,Description107,GBP,107
Account108,Description108,GBP,108
Account109,Description109,GBP,109
Account110,Description110,GBP,110
Account111,Description111,GBP,111
Account112,Description112,GBP,112
Account113,Description113,GBP,113
Account114,Description114,GBP,114
Account115,Description115,GBP,115
Account116,Description116,GBP,116
Account117,Description117,GBP,117
Account118,Description118,GBP,118
Account119,Description119,GBP,119
Account120,Description120,GBP,120
Account121,Description121,GBP,121
Account122,Description122,GBP,122
Account123,Description123,GBP,123
Account124,Description124,GBP,124
Account125,Description125,GBP,125
Account126,Description126,GBP,126
Account127,Description127,GBP,127
Account128,Description128,GBP,128
Account129,Description129,GBP,129
Account130,Description130,GBP,130
Account131,Description131,GBP,131
Account132,Description132,GBP,132
Account133,Description133,GBP,133
Account134,Description134,GBP,134
Account135,Description135,GBP,135
Account136,Description136,GBP,136
Account137,Description137,GBP,137
Account138,Description138,GBP,138
Account139,Description139,GBP,139
Account140,Description140,GBP,140
Account141,Description141,GBP,141
Account142,Description142,GBP,142
Account143,Description143,GBP,143
Account144,Description144,GBP,144
Account145,Description145,GBP,145
Account146,Description146,GBP,146
Account147,Description147,GBP,147
Account148,Description148,GBP,148
Account149,Description149,GBP,149
Account150,Description150,GBP,150
Account151,Description151,GBP,151
Account152,Description152,GBP,152
Account153,Description153,GBP,153
Account154,Description154,GBP,154
Account155,Description155,GBP,155
Account156,Description156,GBP,156
Account157,Description157,GBP,157
Account158,Description158,GBP,158
Account159,Description159,GBP,159
Account160,Description160,GBP,160
Account161,Description161,GBP,161
Account162,Description162,GBP,162
Account163,Description163,GBP,163
Account164,Description164,GBP,164
Account165,Description165,GBP,165
Account166,Description166,GBP,166
Account167,Description167,GBP,167
Account168,Description168,GBP,168
Account169,Description169,GBP,169
Account170,Description170,GBP,170
Account171,Description171,GBP,171
Account172,Description172,GBP,172
Account173,Description173,GBP,173
Account174,Description174,GBP,174
Account175,Description175,GBP,175
Account176,Description176,GBP,176
Account177,Description177,GBP,177
Account178,Description178,GBP,178
Account179,Description179,GBP,179
Account180,Description180,GBP,180
Account181,Description181,GBP,181
Account182,Description182,GBP,182
Account183,Description183,GBP,183
Account184,Description184,GBP,184
Account185,Description185,GBP,185
Account186,Description186,GBP,186
Account187,Description187,GBP,187
Account188,Description188,GBP,188
Account189,Description189,GBP,189
Account190,Description190,GBP,190
Account191,Description191,GBP,191
Account192,Description192,GBP,192
Account193,Description193,GBP,193
Account194,Description194,GBP,194
Account195,Description195,GBP,195
Account196,Description196,GBP,196
Account197,Description197,GBP,197
Account198,Description198,GBP,198
Account199,Description199,GBP,199
Account200,Description200,GBP,200
Account201,Description201,GBP,201
Account202,Description202,GBP,202
Account203,Description203,GBP,203
Account204,Description204,GBP,204
Account205,Description205,GBP,205
Account206,Description206,GBP,206
Account207,Description207,GBP,207
Account208,Description208,GBP,208
Account209,Description209,GBP,209
Account210,Description210,GBP,210
Account211,Description211,GBP,211
Account212,Description212,GBP,212
Account213,Description213,GBP,213
Account214,Description214,GBP,214
Account215,Description215,GBP,215
Account216,Description216,GBP,216
Account217,Description217,GBP,217
Account218,Description218,GBP,218
Account219,Description219,GBP,219
Account220,Description220,GBP,220
Account221,Description221,GBP,221
Account222,Description222,GBP,222
Account223,Description223,GBP,223
Account224,Description224,GBP,224
Account225,Description225,GBP,225
Account226,Description226,GBP,226
Account227,Description227,GBP,227
Account228,Description228,GBP,228
Account229,Description229,GBP,229
Account230,Description230,GBP,230
Account231,Description231,GBP,231
Account232,Description232,GBP,232
Account233,Description233,GBP,233
Account234,Description234,GBP,234
Account235,Description235,GBP,235
Account236,Description236,GBP,236
Account237,Description237,GBP,237
Account238,Description238,GBP,238
Account239,Description239,GBP,239
Account240,Description240,GBP,240
Account241,Description241,GBP,241
Account242,Description242,GBP,242
Account243,Description243,GBP,243
Account244,Description244,GBP,244
Account245,Description245,GBP,245
Account246,Description246,GBP,246
Account247,Description247,GBP,247
Account248,Description248,GBP,248
Account249,Description249,GBP,249
Account250,Description250,GBP,250
Account251,Description251,GBP,251
Account252,Description252,GBP,252
Account253,Description253,GBP,253
Account254,Description254,GBP,254
Account255,Description255,GBP,255
Account256,Description256,GBP,256
Account257,Description257,GBP,257
Account258,Description258,GBP,258
Account259,Description259,GBP,259
Account260,Description260,GBP,260
Account261,Description261,GBP,261
Account262,Description262,GBP,262
Account263,Description263,GBP,263
Account264,Description264,GBP,264
Account265,Description265,GBP,265
Account266,Description266,GBP,266
Account267,Description267,GBP,267
Account268,Description268,GBP,268
Account269,Description269,GBP,269
Account270,Description270,GBP,270
Account271,Description271,GBP,271
Account272,Description272,GBP,272
Account273,Description273,GBP,273
Account274,Description274,GBP,274
Account275,Description275,GBP,275
Account276,Description276,GBP,276
Account277,Description277,GBP,277
Account278,Description278,GBP,278
Account279,Description279,GBP,279
Account280,Description280,GBP,280
Account281,Description281,GBP,281
Account282,Description282,GBP,282
Account283,Description283,GBP,283
Account284,Description284,GBP,284
Account285,Description285,GBP,285
Account286,Description286,GBP,286
Account287,Description287,GBP,287
Account288,Description288,GBP,288
Account289,Description289,GBP,289
Account290,Description290,GBP,290
Account291,Description291,GBP,291
Account292,Description292,GBP,292
Account293,Description293,GBP,293
Account294,Description294,GBP,294
Account295,Description295,GBP,295
Account296,Description296,GBP,296
Account297,Description297,GBP,297
Account298,Description298,GBP,298
Account299,Description299,GBP,299
Account300,Description300,GBP,300
Account301,Description301,GBP,301
Account302,Description302,GBP,302
Account303,Description303,GBP,303
Account304,Description304,GBP,304
Account305,Description305,GBP,305
Account306,Description306,GBP,306
Account307,Description307,GBP,307
Account308,Description308,GBP,308
Account309,Description309,GBP,309
Account310,Description310,GBP,310
Account311,Description311,GBP,311
Account312,Description312,GBP,312
Account313,Description313,GBP,313
Account314,Description314,GBP,314
Account315,Description315,GBP,315
Account316,Description316,GBP,316
Account317,Description317,GBP,317
Account318,Description318,GBP,318
Account319,Description319,GBP,319
Account320,Description320,GBP,320
Account321,Description321,GBP,321
Account322,Description322,GBP,322
Account323,Description323,GBP,323
Account324,Description324,GBP,324
Account325,Description325,GBP,325
Account326,Description326,GBP,326
Account327,Description327,GBP,327
Account328,Description328,GBP,328
Account329,Description329,GBP,329
Account330,Description330,GBP,330
Account331,Description331,GBP,331
Account332,Description332,GBP,332
Account333,Description333,GBP,333
Account334,Description334,GBP,334
Account335,Description335,GBP,335
Account336,Description336,GBP,336
Account337,Description337,GBP,337
Account338,Description338,GBP,338
Account339,Description339,GBP,339
Account340,Description340,GBP,340
Account341,Description341,GBP,341
Account342,Description342,GBP,342
Account343,Description343,GBP,343
Account344,Description344,GBP,344
Account345,Description345,GBP,345
Account346,Description346,GBP,346
Account347,Description347,GBP,347
Account348,Description348,GBP,348
Account349,Description349,GBP,349
Account350,Description350,GBP,350
Account351,Description351,GBP,351
Account352,Description352,GBP,352
Account353,Description353,GBP,353
Account354,Description354,GBP,354
Account355,Description355,GBP,355
Account356,Description356,GBP,356
Account357,Description357,GBP,357
Account358,Description358,GBP,358
Account359,Description359,GBP,359
Account360,Description360,GBP,360
Account361,Description361,GBP,361
Account362,Description362,GBP,362
Account363,Description363,GBP,363
Account364,Description364,GBP,364
Account365,Description365,GBP,365
Account366,Description366,GBP,366
Account367,Description367,GBP,367
Account368,Description368,GBP,368
Account369,Description369,GBP,369
Account370,Description370,GBP,370
Account371,Description371,GBP,371
Account372,Description372,GBP,372
Account373,Description373,GBP,373
Account374,Description374,GBP,374
Account375,Description375,GBP,375
Account376,Description376,GBP,376
Account377,Description377,GBP,377
Account378,Description378,GBP,378
Account379,Description379,GBP,379
Account380,Description380,GBP,380
Account381,Description381,GBP,381
Account382,Description382,GBP,382
Account383,Description383,GBP,383
Account384,Description384,GBP,384
Account385,Description385,GBP,385
Account386,Description386,GBP,386
Account387,Description387,GBP,387
Account388,Description388,GBP,388
Account389,Description389,GBP,389
Account390,Description390,GBP,390
Account391,Description391,GBP,391
Account392,Description392,GBP,392
Account393,Description393,GBP,393
Account394,Description394,GBP,394
Account395,Description395,GBP,395
Account396,Description396,GBP,396
Account397,Description397,GBP,397
Account398,Description398,GBP,398
Account399,Description399,GBP,399
Account400,Description400,GBP,400
Account401,Description401,GBP,401
Account402,Description402,GBP,402
Account403,Description403,GBP,403
Account404,Description404,GBP,404
Account405,Description405,GBP,405
Account406,Description406,GBP,406
Account407,Description407,GBP,407
Account408,Description408,GBP,408
Account409,Description409,GBP,409
Account410,Description410,GBP,410
Account411,Description411,GBP,411
Account412,Description412,GBP,412
Account413,Description413,GBP,413
Account414,Description414,GBP,414
Account415,Description415,GBP,415
Account416,Description416,GBP,416
Account417,Description417,GBP,417
Account418,Description418,GBP,418
Account419,Description419,GBP,419
Account420,Description420,GBP,420
Account421,Description421,GBP,421
Account422,Description422,GBP,422
Account423,Description423,GBP,423
Account424,Description424,GBP,424
Account425,Description425,GBP,425
Account426,Description426,GBP,426
Account427,Description427,GBP,427
Account428,Description428,GBP,428
Account429,Description429,GBP,429
Account430,Description430,GBP,430
Account431,Description431,GBP,431
Account432,Description432,GBP,432
Account433,Description433,GBP,433
Account434,Description434,GBP,434
Account435,Description435,GBP,435
Account436,Description436,GBP,436
Account437,Description437,GBP,437
Account438,Description438,GBP,438
Account439,Description439,GBP,439
Account440,Description440,GBP,440
Account441,Description441,GBP,441
Account442,Description442,GBP,442
Account443,Description443,GBP,443
Account444,Description444,GBP,444
Account445,Description445,GBP,445
Account446,Description446,GBP,446
Account447,Description447,GBP,447
Account448,Description448,GBP,448
Account449,Description449,GBP,449
Account450,Description450,GBP,450
Account451,Description451,GBP,451
Account452,Description452,GBP,452
Account453,Description453,GBP,453
Account454,Description454,GBP,454
Account455,Description455,GBP,455
Account456,Description456,GBP,456
Account457,Description457,GBP,457
Account458,Description458,GBP,458
Account459,Description459,GBP,459
Account460,Description460,GBP,460
Account461,Description461,GBP,461
Account462,Description462,GBP,462
Account463,Description463,GBP,463
Account464,Description464,GBP,464
Account465,Description465,GBP,465
Account466,Description466,GBP,466
Account467,Description467,GBP,467
Account468,Description468,GBP,468
Account469,Description469,GBP,469
Account470,Description470,GBP,470
Account471,Description471,GBP,471
Account472,Description472,GBP,472
Account473,Description473,GBP,473
Account474,Description474,GBP,474
Account475,Description475,GBP,475
Account476,Description476,GBP,476
Account477,Description477,GBP,477
Account478,Description478,GBP,478
Account479,Description479,GBP,479
Account480,Description480,GBP,480
Account481,Description481,GBP,481
Account482,Description482,GBP,482
Account483,Description483,GBP,483
Account484,Description484,GBP,484
Account485,Description485,GBP,485
Account486,Description486,GBP,486
Account487,Description487,GBP,487
Account488,Description488,GBP,488
Account489,Description489,GBP,489
Account490,Description490,GBP,490
Account491,Description491,GBP,491
Account492,Description492,GBP,492
Account493,Description493,GBP,493
Account494,Description494,GBP,494
Account495,Description495,GBP,495
Account496,Description496,GBP,496
Account497,Description497,GBP,497
Account498,Description498,GBP,498
Account499,Description499,GBP,499
Account500,Description500,GBP,500
Account501,Description501,GBP,501
Account502,Description502,GBP,502
Account503,Description503,GBP,503
Account504,Description504,GBP,504
Account505,Description505,GBP,505
Account506,Description506,GBP,506
Account507,Description507,GBP,507
Account508,Description508,GBP,508
Account509,Description509,GBP,509
Account510,Description510,GBP,510
Account511,Description511,GBP,511
Account512,Description512,GBP,512
Account513,Description513,GBP,513
Account514,Description514,GBP,514
Account515,Description515,GBP,515
Account516,Description516,GBP,516
Account517,Description517,GBP,517
Account518,Description518,GBP,518
Account519,Description519,GBP,519
Account520,Description520,GBP,520
Account521,Description521,GBP,521
Account522,Description522,GBP,522
Account523,Description523,GBP,523
Account524,Description524,GBP,524
Account525,Description525,GBP,525
Account526,Description526,GBP,526
Account527,Description527,GBP,527
Account528,Description528,GBP,528
Account529,Description529,GBP,529
Account530,Description530,GBP,530
Account531,Description531,GBP,531
Account532,Description532,GBP,532
Account533,Description533,GBP,533
Account534,Description534,GBP,534
Account535,Description535,GBP,535
Account536,Description536,GBP,536
Account537,Description537,GBP,537
Account538,Description538,GBP,538
Account539,Description539,GBP,539
Account540,Description540,GBP,540
Account541,Description541,GBP,541
Account542,Description542,GBP,542
Account543,Description543,GBP,543
Account544,Description544,GBP,544
Account545,Description545,GBP,545
Account546,Description546,GBP,546
Account547,Description547,GBP,547
Account548,Description548,GBP,548
Account549,Description549,GBP,549
Account550,Description550,GBP,550
Account551,Description551,GBP,551
Account552,Description552,GBP,552
Account553,Description553,GBP,553
Account554,Description554,GBP,554
Account555,Description555,GBP,555
Account556,Description556,GBP,556
Account557,Description557,GBP,557
Account558,Description558,GBP,558
Account559,Description559,GBP,559
Account560,Description560,GBP,560
Account561,Description561,GBP,561
Account562,Description562,GBP,562
Account563,Description563,GBP,563
Account564,Description564,GBP,564
Account565,Description565,GBP,565
Account566,Description566,GBP,566
Account567,Description567,GBP,567
Account568,Description568,GBP,568
Account569,Description569,GBP,569
Account570,Description570,GBP,570
Account571,Description571,GBP,571
Account572,Description572,GBP,572
Account573,Description573,GBP,573
Account574,Description574,GBP,574
Account575,Description575,GBP,575
Account576,Description576,GBP,576
Account577,Description577,GBP,577
Account578,Description578,GBP,578
Account579,Description579,GBP,579
Account580,Description580,GBP,580
Account581,Description581,GBP,581
Account582,Description582,GBP,582
Account583,Description583,GBP,583
Account584,Description584,GBP,584
Account585,Description585,GBP,585
Account586,Description586,GBP,586
Account587,Description587,GBP,587
Account588,Description588,GBP,588
Account589,Description589,GBP,589
Account590,Description590,GBP,590
Account591,Description591,GBP,591
Account592,Description592,GBP,592
Account593,Description593,GBP,593
Account594,Description594,GBP,594
Account595,Description595,GBP,595
Account596,Description596,GBP,596
Account597,Description597,GBP,597
Account598,Description598,GBP,598
Account599,Description599,GBP,599
Account600,Description600,GBP,600
Account601,Description601,GBP,601
Account602,Description602,GBP,602
Account603,Description603,GBP,603
Account604,Description604,GBP,604
Account605,Description605,GBP,605
Account606,Description606,GBP,606
Account607,Description607,GBP,607
Account608,Description608,GBP,608
Account609,Description609,GBP,609
Account610,Description610,GBP,610
Account611,Description611,GBP,611
Account612,Description612,GBP,612
Account613,Description613,GBP,613
Account614,Description614,GBP,614
Account615,Description615,GBP,615
Account616,Description616,GBP,616
Account617,Description617,GBP,617
Account618,Description618,GBP,618
Account619,Description619,GBP,619
Account620,Description620,GBP,620
Account621,Description621,GBP,621
Account622,Description622,GBP,622
Account623,Description623,GBP,623
Account624,Description624,GBP,624
Account625,Description625,GBP,625
Account626,Description626,GBP,626
Account627,Description627,GBP,627
Account628,Description628,GBP,628
Account629,Description629,GBP,629
Account630,Description630,GBP,630
Account631,Description631,GBP,631
Account632,Description632,GBP,632
Account633,Description633,GBP,633
Account634,Description634,GBP,634
Account635,Description635,GBP,635
Account636,Description636,GBP,636
Account637,Description637,GBP,637
Account638,Description638,GBP,638
Account639,Description639,GBP,639
Account640,Description640,GBP,640
Account641,Description641,GBP,641
Account642,Description642,GBP,642
Account643,Description643,GBP,643
Account644,Description644,GBP,644
Account645,Description645,GBP,645
Account646,Description646,GBP,646
Account647,Description647,GBP,647
Account648,Description648,GBP,648
Account649,Description649,GBP,649
Account650,Description650,GBP,650
Account651,Description651,GBP,651
Account652,Description652,GBP,652
Account653,Description653,GBP,653
Account654,Description654,GBP,654
Account655,Description655,GBP,655
Account656,Description656,GBP,656
Account657,Description657,GBP,657
Account658,Description658,GBP,658
Account659,Description659,GBP,659
Account660,Description660,GBP,660
Account661,Description661,GBP,661
Account662,Description662,GBP,662
Account663,Description663,GBP,663
Account664,Description664,GBP,664
Account665,Description665,GBP,665
Account666,Description666,GBP,666
Account667,Description667,GBP,667
Account668,Description668,GBP,668
Account669,Description669,GBP,669
Account670,Description670,GBP,670
Account671,Description671,GBP,671
Account672,Description672,GBP,672
Account673,Description673,GBP,673
Account674,Description674,GBP,674
Account675,Description675,GBP,675
Account676,Description676,GBP,676
Account677,Description677,GBP,677
Account678,Description678,GBP,678
Account679,Description679,GBP,679
Account680,Description680,GBP,680
Account681,Description681,GBP,681
Account682,Description682,GBP,682
Account683,Description683,GBP,683
Account684,Description684,GBP,684
Account685,Description685,GBP,685
Account686,Description686,GBP,686
Account687,Description687,GBP,687
Account688,Description688,GBP,688
Account689,Description689,GBP,689
Account690,Description690,GBP,690
Account691,Description691,GBP,691
Account692,Description692,GBP,692
Account693,Description693,GBP,693
Account694,Description694,GBP,694
Account695,Description695,GBP,695
Account696,Description696,GBP,696
Account697,Description697,GBP,697
Account698,Description698,GBP,698
Account699,Description699,GBP,699
Account700,Description700,GBP,700
Account701,Description701,GBP,701
Account702,Description702,GBP,702
Account703,Description703,GBP,703
Account704,Description704,GBP,704
Account705,Description705,GBP,705
Account706,Description706,GBP,706
Account707,Description707,GBP,707
Account708,Description708,GBP,708
Account709,Description709,GBP,709
Account710,Description710,GBP,710
Account711,Description711,GBP,711
Account712,Description712,GBP,712
Account713,Description713,GBP,713
Account714,Description714,GBP,714
Account715,Description715,GBP,715
Account716,Description716,GBP,716
Account717,Description717,GBP,717
Account718,Description718,GBP,718
Account719,Description719,GBP,719
Account720,Description720,GBP,720
Account721,Description721,GBP,721
Account722,Description722,GBP,722
Account723,Description723,GBP,723
Account724,Description724,GBP,724
Account725,Description725,GBP,725
Account726,Description726,GBP,726
Account727,Description727,GBP,727
Account728,Description728,GBP,728
Account729,Description729,GBP,729
Account730,Description730,GBP,730
Account731,Description731,GBP,731
Account732,Description732,GBP,732
Account733,Description733,GBP,733
Account734,Description734,GBP,734
Account735,Description735,GBP,735
Account736,Description736,GBP,736
Account737,Description737,GBP,737
Account738,Description738,GBP,738
Account739,Description739,GBP,739
Account740,Description740,GBP,740
Account741,Description741,GBP,741
Account742,Description742,GBP,742
Account743,Description743,GBP,743
Account744,Description744,GBP,744
Account745,Description745,GBP,745
Account746,Description746,GBP,746
Account747,Description747,GBP,747
Account748,Description748,GBP,748
Account749,Description749,GBP,749
Account750,Description750,GBP,750
Account751,Description751,GBP,751
Account752,Description752,GBP,752
Account753,Description753,GBP,753
Account754,Description754,GBP,754
Account755,Description755,GBP,755
Account756,Description756,GBP,756
Account757,Description757,GBP,757
Account758,Description758,GBP,758
Account759,Description759,GBP,759
Account760,Description760,GBP,760
Account761,Description761,GBP,761
Account762,Description762,GBP,762
Account763,Description763,GBP,763
Account764,Description764,GBP,764
Account765,Description765,GBP,765
Account766,Description766,GBP,766
Account767,Description767,GBP,767
Account768,Description768,GBP,768
Account769,Description769,GBP,769
Account770,Description770,GBP,770
Account771,Description771,GBP,771
Account772,Description772,GBP,772
Account773,Description773,GBP,773
Account774,Description774,GBP,774
Account775,Description775,GBP,775
Account776,Description776,GBP,776
Account777,Description777,GBP,777
Account778,Description778,GBP,778
Account779,Description779,GBP,779
Account780,Description780,GBP,780
Account781,Description781,GBP,781
Account782,Description782,GBP,782
Account783,Description783,GBP,783
Account784,Description784,GBP,784
Account785,Description785,GBP,785
Account786,Description786,GBP,786
Account787,Description787,GBP,787
Account788,Description788,GBP,788
Account789,Description789,GBP,789
Account790,Description790,GBP,790
Account791,Description791,GBP,791
Account792,Description792,GBP,792
Account793,Description793,GBP,793
Account794,Description794,GBP,794
Account795,Description795,GBP,795
Account796,Description796,GBP,796
Account797,Description797,GBP,797
Account798,Description798,GBP,798
Account799,Description799,GBP,799
Account800,Description800,GBP,800
Account801,Description801,GBP,801
Account802,Description802,GBP,802
Account803,Description803,GBP,803
Account804,Description804,GBP,804
Account805,Description805,GBP,805
Account806,Description806,GBP,806
Account807,Description807,GBP,807
Account808,Description808,GBP,808
Account809,Description809,GBP,809
Account810,Description810,GBP,810
Account811,Description811,GBP,811
Account812,Description812,GBP,812
Account813,Description813,GBP,813
Account814,Description814,GBP,814
Account815,Description815,GBP,815
Account816,Description816,GBP,816
Account817,Description817,GBP,817
Account818,Description818,GBP,818
Account819,Description819,GBP,819
Account820,Description820,GBP,820
Account821,Description821,GBP,821
Account822,Description822,GBP,822
Account823,Description823,GBP,823
Account824,Description824,GBP,824
Account825,Description825,GBP,825
Account826,Description826,GBP,826
Account827,Description827,GBP,827
Account828,Description828,GBP,828
Account829,Description829,GBP,829
Account830,Description830,GBP,830
Account831,Description831,GBP,831
Account832,Description832,GBP,832
Account833,Description833,GBP,833
Account834,Description834,GBP,834
Account835,Description835,GBP,835
Account836,Description836,GBP,836
Account837,Description837,GBP,837
Account838,Description838,GBP,838
Account839,Description839,GBP,839
Account840,Description840,GBP,840
Account841,Description841,GBP,841
Account842,Description842,GBP,842
Account843,Description843,GBP,843
Account844,Description844,GBP,844
Account845,Description845,GBP,845
Account846,Description846,GBP,846
Account847,Description847,GBP,847
Account848,Description848,GBP,848
Account849,Description849,GBP,849
Account850,Description850,GBP,850
Account851,Description851,GBP,851
Account852,Description852,GBP,852
Account853,Description853,GBP,853
Account854,Description854,GBP,854
Account855,Description855,GBP,855
Account856,Description856,GBP,856
Account857,Description857,GBP,857
Account858,Description858,GBP,858
Account859,Description859,GBP,859
Account860,Description860,GBP,860
Account861,Description861,GBP,861
Account862,Description862,GBP,862
Account863,Description863,GBP,863
Account864,Description864,GBP,864
Account865,Description865,GBP,865
Account866,Description866,GBP,866
Account867,Description867,GBP,867
Account868,Description868,GBP,868
Account869,Description869,GBP,869
Account870,Description870,GBP,870
Account871,Description871,GBP,871
Account872,Description872,GBP,872
Account873,Description873,GBP,873
Account874,Description874,GBP,874
Account875,Description875,GBP,875
Account876,Description876,GBP,876
Account877,Description877,GBP,877
Account878,Description878,GBP,878
Account879,Description879,GBP,879
Account880,Description880,GBP,880
Account881,Description881,GBP,881
Account882,Description882,GBP,882
Account883,Description883,GBP,883
Account884,Description884,GBP,884
Account885,Description885,GBP,885
Account886,Description886,GBP,886
Account887,Description887,GBP,887
Account888,Description888,GBP,888
Account889,Description889,GBP,889
Account890,Description890,GBP,890
Account891,Description891,GBP,891
Account892,Description892,GBP,892
Account893,Description893,GBP,893
Account894,Description894,GBP,894
Account895,Description895,GBP,895
Account896,Description896,GBP,896
Account897,Description897,GBP,897
Account898,Description898,GBP,898
Account899,Description899,GBP,899
Account900,Description900,GBP,900
Account901,Description901,GBP,901
Account902,Description902,GBP,902
Account903,Description903,GBP,903
Account904,Description904,GBP,904
Account905,Description905,GBP,905
Account906,Description906,GBP,906
Account907,Description907,GBP,907
Account908,Description908,GBP,908
Account909,Description909,GBP,909
Account910,Description910,GBP,910
Account911,Description911,GBP,911
Account912,Description912,GBP,912
Account913,Description913,GBP,913
Account914,Description914,GBP,914
Account915,Description915,GBP,915
Account916,Description916,GBP,916
Account917,Description917,GBP,917
Account918,Description918,GBP,918
Account919,Description919,GBP,919
Account920,Description920,GBP,920
Account921,Description921,GBP,921
Account922,Description922,GBP,922
Account923,Description923,GBP,923
Account924,Description924,GBP,924
Account925,Description925,GBP,925
Account926,Description926,GBP,926
Account927,Description927,GBP,927
Account928,Description928,GBP,928
Account929,Description929,GBP,929
Account930,Description930,GBP,930
Account931,Description931,GBP,931
Account932,Description932,GBP,932
Account933,Description933,GBP,933
Account934,Description934,GBP,934
Account935,Description935,GBP,935
Account936,Description936,GBP,936
Account937,Description937,GBP,937
Account938,Description938,GBP,938
Account939,Description939,GBP,939
Account940,Description940,GBP,940
Account941,Description941,GBP,941
Account942,Description942,GBP,942
Account943,Description943,GBP,943
Account944,Description944,GBP,944
Account945,Description945,GBP,945
Account946,Description946,GBP,946
Account947,Description947,GBP,947
Account948,Description948,GBP,948
Account949,Description949,GBP,949
Account950,Description950,GBP,950
Account951,Description951,GBP,951
Account952,Description952,GBP,952
Account953,Description953,GBP,953
Account954,Description954,GBP,954
Account955,Description955,GBP,955
Account956,Description956,GBP,956
Account957,Description957,GBP,957
Account958,Description958,GBP,958
Account959,Description959,GBP,959
Account960,Description960,GBP,960
Account961,Description961,GBP,961
Account962,Description962,GBP,962
Account963,Description963,GBP,963
Account964,Description964,GBP,964
Account965,Description965,GBP,965
Account966,Description966,GBP,966
Account967,Description967,GBP,967
Account968,Description968,GBP,968
Account969,Description969,GBP,969
Account970,Description970,GBP,970
Account971,Description971,GBP,971
Account972,Description972,GBP,972
Account973,Description973,GBP,973
Account974,Description974,GBP,974
Account975,Description975,GBP,975
Account976,Description976,GBP,976
Account977,Description977,GBP,977
Account978,Description978,GBP,978
Account979,Description979,GBP,979
Account980,Description980,GBP,980
Account981,Description981,GBP,981
Account982,Description982,GBP,982
Account983,Description983,GBP,983
Account984,Description984,GBP,984
Account985,Description985,GBP,985
Account986,Description986,GBP,986
Account987,Description987,GBP,987
Account988,Description988,GBP,988
Account989,Description989,GBP,989
Account990,Description990,GBP,990
Account991,Description991,GBP,991
Account992,Description992,GBP,992
Account993,Description993,GBP,993
Account994,Description994,GBP,994
Account995,Description995,GBP,995
Account996,Description996,GBP,996
Account997,Description997,GBP,997
Account998,Description998,GBP,998
Account999,Description999,GBP,999
